"term","freq","s1","s2","s3","s4","prob"
"thanks for the follow",94,"thanks","for","the","follow",0.291021671826625
"the rest of the",76,"the","rest","of","the",0.558823529411765
"for the first time",64,"for","the","first","time",0.780487804878049
"at the end of",60,"at","the","end","of",0.789473684210526
"the end of the",59,"the","end","of","the",0.491666666666667
"at the same time",50,"at","the","same","time",0.862068965517241
"in the middle of",50,"in","the","middle","of",0.78125
"is one of the",49,"is","one","of","the",0.453703703703704
"when it comes to",49,"when","it","comes","to",0.875
"can't wait to see",47,"can't","wait","to","see",0.419642857142857
"thank you so much",46,"thank","you","so","much",0.938775510204082
"one of the most",44,"one","of","the","most",0.134146341463415
"thank you for the",44,"thank","you","for","the",0.318840579710145
"thanks for the rt",44,"thanks","for","the","rt",0.136222910216718
"hope to see you",41,"hope","to","see","you",0.836734693877551
"i am going to",41,"i","am","going","to",0.931818181818182
"if you want to",40,"if","you","want","to",0.606060606060606
"going to be a",39,"going","to","be","a",0.207446808510638
"is going to be",39,"is","going","to","be",0.39
"one of the best",39,"one","of","the","best",0.11890243902439
"to be able to",36,"to","be","able","to",1
"i would like to",35,"i","would","like","to",0.813953488372093
"i don't want to",33,"i","don't","want","to",0.75
"i can't wait to",32,"i","can't","wait","to",0.507936507936508
"one of my favorite",32,"one","of","my","favorite",0.238805970149254
"on my way to",28,"on","my","way","to",0.717948717948718
"i would love to",27,"i","would","love","to",0.72972972972973
"let me know if",27,"let","me","know","if",0.3
"the middle of the",27,"the","middle","of","the",0.482142857142857
"a bit of a",26,"a","bit","of","a",0.325
"as well as the",25,"as","well","as","the",0.193798449612403
"for the rest of",25,"for","the","rest","of",0.961538461538462
"i wish i could",25,"i","wish","i","could",0.316455696202532
"is one of my",25,"is","one","of","my",0.231481481481481
"it's going to be",25,"it's","going","to","be",0.78125
"thanks so much for",25,"thanks","so","much","for",0.480769230769231
"the first time in",25,"the","first","time","in",0.257731958762887
"have a great weekend",24,"have","a","great","weekend",0.282352941176471
"i was going to",24,"i","was","going","to",0.774193548387097
"are you going to",23,"are","you","going","to",0.821428571428571
"as much as i",23,"as","much","as","i",0.365079365079365
"i don't know what",23,"i","don't","know","what",0.237113402061856
"have a great day",22,"have","a","great","day",0.258823529411765
"i have no idea",22,"i","have","no","idea",0.34375
"i look forward to",22,"i","look","forward","to",1
"i need to get",22,"i","need","to","get",0.145695364238411
"i want to be",22,"i","want","to","be",0.116402116402116
"was one of the",22,"was","one","of","the",0.594594594594595
"what do you think",22,"what","do","you","think",0.293333333333333
"i thought it was",21,"i","thought","it","was",0.583333333333333
"on the other hand",21,"on","the","other","hand",0.446808510638298
"to go to the",21,"to","go","to","the",0.214285714285714
"will be able to",21,"will","be","able","to",0.954545454545455
"for a long time",20,"for","a","long","time",0.8
"me know if you",20,"me","know","if","you",0.740740740740741
"the top of the",20,"the","top","of","the",0.5
"this is one of",20,"this","is","one","of",0.952380952380952
"a couple of weeks",19,"a","couple","of","weeks",0.134751773049645
"i was able to",19,"i","was","able","to",0.95
"i wish i had",19,"i","wish","i","had",0.240506329113924
"if you have a",19,"if","you","have","a",0.246753246753247
"in front of the",19,"in","front","of","the",0.253333333333333
"in the first place",19,"in","the","first","place",0.365384615384615
"that awkward moment when",19,"that","awkward","moment","when",0.826086956521739
"the fact that i",19,"the","fact","that","i",0.168141592920354
"a great way to",18,"a","great","way","to",0.9
"a lot of people",18,"a","lot","of","people",0.0671641791044776
"for a couple of",18,"for","a","couple","of",0.782608695652174
"the italy lakes holidays",18,"the","italy","lakes","holidays",1
"and i have a",17,"and","i","have","a",0.26984126984127
"at the top of",17,"at","the","top","of",0.62962962962963
"be one of the",17,"be","one","of","the",0.68
"had a great time",17,"had","a","great","time",0.386363636363636
"i feel like i",17,"i","feel","like","i",0.177083333333333
"as soon as i",16,"as","soon","as","i",0.313725490196078
"at the beginning of",16,"at","the","beginning","of",0.842105263157895
"can't wait for the",16,"can't","wait","for","the",0.262295081967213
"hope all is well",16,"hope","all","is","well",0.842105263157895
"i dont want to",16,"i","dont","want","to",0.8
"in front of me",16,"in","front","of","me",0.213333333333333
"it was a good",16,"it","was","a","good",0.0987654320987654
"looking forward to the",16,"looking","forward","to","the",0.0919540229885057
"so much for the",16,"so","much","for","the",0.30188679245283
"the best way to",16,"the","best","way","to",0.842105263157895
"the bottom of the",16,"the","bottom","of","the",0.8
"the rest of my",16,"the","rest","of","my",0.117647058823529
"when i was in",16,"when","i","was","in",0.163265306122449
"be a part of",15,"be","a","part","of",1
"have a lot of",15,"have","a","lot","of",0.75
"i have to say",15,"i","have","to","say",0.107142857142857
"i love you too",15,"i","love","you","too",0.107142857142857
"i thought i was",15,"i","thought","i","was",0.375
"i want to go",15,"i","want","to","go",0.0793650793650794
"know what to do",15,"know","what","to","do",0.454545454545455
"looking forward to seeing",15,"looking","forward","to","seeing",0.0862068965517241
"most of the time",15,"most","of","the","time",0.288461538461538
"no no no no",15,"no","no","no","no",0.833333333333333
"the back of the",15,"the","back","of","the",0.405405405405405
"the only thing that",15,"the","only","thing","that",0.405405405405405
"there are so many",15,"there","are","so","many",0.9375
"there will be a",15,"there","will","be","a",0.365853658536585
"to get to the",15,"to","get","to","the",0.348837209302326
"you so much for",15,"you","so","much","for",0.234375
"are going to be",14,"are","going","to","be",0.325581395348837
"as you can see",14,"as","you","can","see",0.466666666666667
"for the most part",14,"for","the","most","part",0.777777777777778
"have no idea what",14,"have","no","idea","what",0.341463414634146
"i have to go",14,"i","have","to","go",0.1
"i love you i",14,"i","love","you","i",0.1
"i wish i was",14,"i","wish","i","was",0.177215189873418
"in the last few",14,"in","the","last","few",0.311111111111111
"in the midst of",14,"in","the","midst","of",0.933333333333333
"thanks for the ff",14,"thanks","for","the","ff",0.043343653250774
"thanks for the mention",14,"thanks","for","the","mention",0.043343653250774
"the rest of us",14,"the","rest","of","us",0.102941176470588
"to be a good",14,"to","be","a","good",0.0642201834862385
"to go back to",14,"to","go","back","to",0.56
"what to do with",14,"what","to","do","with",0.297872340425532
"would be a good",14,"would","be","a","good",0.245614035087719
"you don't have to",14,"you","don't","have","to",0.7
"a little bit of",13,"a","little","bit","of",0.270833333333333
"a lot of the",13,"a","lot","of","the",0.0485074626865672
"a member of the",13,"a","member","of","the",0.52
"and the fact that",13,"and","the","fact","that",1
"do you have a",13,"do","you","have","a",0.245283018867925
"do you want to",13,"do","you","want","to",0.448275862068966
"end of the day",13,"end","of","the","day",0.180555555555556
"hope you have a",13,"hope","you","have","a",0.5
"i don't know how",13,"i","don't","know","how",0.134020618556701
"i don't know if",13,"i","don't","know","if",0.134020618556701
"i want you to",13,"i","want","you","to",0.65
"i went to the",13,"i","went","to","the",0.236363636363636
"if you have any",13,"if","you","have","any",0.168831168831169
"in the form of",13,"in","the","form","of",1
"in the name of",13,"in","the","name","of",0.8125
"in the way of",13,"in","the","way","of",0.419354838709677
"is one of those",13,"is","one","of","those",0.12037037037037
"it would be a",13,"it","would","be","a",0.131313131313131
"over the course of",13,"over","the","course","of",1
"thank you for your",13,"thank","you","for","your",0.0942028985507246
"thanks to everyone who",13,"thanks","to","everyone","who",0.722222222222222
"want to go to",13,"want","to","go","to",0.342105263157895
"was going to be",13,"was","going","to","be",0.203125
"when i was a",13,"when","i","was","a",0.13265306122449
"would you like to",13,"would","you","like","to",0.8125
"you i love you",13,"you","i","love","you",0.866666666666667
"a couple of days",12,"a","couple","of","days",0.0851063829787234
"as a result of",12,"as","a","result","of",0.4
"as long as you",12,"as","long","as","you",0.19047619047619
"as well as a",12,"as","well","as","a",0.0930232558139535
"did you know that",12,"did","you","know","that",0.324324324324324
"do you have any",12,"do","you","have","any",0.226415094339623
"don't know what to",12,"don't","know","what","to",0.352941176470588
"forward to seeing you",12,"forward","to","seeing","you",0.521739130434783
"going to be the",12,"going","to","be","the",0.0638297872340425
"have to go to",12,"have","to","go","to",0.413793103448276
"i'm going to be",12,"i'm","going","to","be",0.127659574468085
"i feel like i'm",12,"i","feel","like","i'm",0.125
"i just want to",12,"i","just","want","to",0.545454545454545
"i love you so",12,"i","love","you","so",0.0857142857142857
"if you are interested",12,"if","you","are","interested",0.133333333333333
"in a couple of",12,"in","a","couple","of",0.75
"it was a great",12,"it","was","a","great",0.0740740740740741
"let us know if",12,"let","us","know","if",0.324324324324324
"looking forward to it",12,"looking","forward","to","it",0.0689655172413793
"looking forward to your",12,"looking","forward","to","your",0.0689655172413793
"may or may not",12,"may","or","may","not",1
"nothing to do with",12,"nothing","to","do","with",0.666666666666667
"on the other side",12,"on","the","other","side",0.25531914893617
"on the way to",12,"on","the","way","to",0.27906976744186
"on top of the",12,"on","top","of","the",0.3
"one of the first",12,"one","of","the","first",0.0365853658536585
"thank you for following",12,"thank","you","for","following",0.0869565217391304
"thank you thank you",12,"thank","you","thank","you",1
"thank you to all",12,"thank","you","to","all",0.333333333333333
"thanks for stopping by",12,"thanks","for","stopping","by",0.8
"the name of the",12,"the","name","of","the",0.324324324324324
"this is the first",12,"this","is","the","first",0.118811881188119
"to be a part",12,"to","be","a","part",0.055045871559633
"to get back to",12,"to","get","back","to",0.545454545454545
"to get rid of",12,"to","get","rid","of",1
"to see you soon",12,"to","see","you","soon",0.117647058823529
"trying to figure out",12,"trying","to","figure","out",0.8
"turned out to be",12,"turned","out","to","be",1
"want to be a",12,"want","to","be","a",0.153846153846154
"what are you doing",12,"what","are","you","doing",0.244897959183673
"would love to see",12,"would","love","to","see",0.148148148148148
"you have a great",12,"you","have","a","great",0.127659574468085
"a big fan of",11,"a","big","fan","of",0.785714285714286
"a part of the",11,"a","part","of","the",0.234042553191489
"do you think the",11,"do","you","think","the",0.150684931506849
"fell in love with",11,"fell","in","love","with",0.916666666666667
"find a way to",11,"find","a","way","to",0.785714285714286
"for a chance to",11,"for","a","chance","to",0.846153846153846
"for all of the",11,"for","all","of","the",0.305555555555556
"happy mothers day to",11,"happy","mothers","day","to",0.354838709677419
"i'm looking forward to",11,"i'm","looking","forward","to",1
"i can't wait for",11,"i","can't","wait","for",0.174603174603175
"i need to go",11,"i","need","to","go",0.0728476821192053
"makes me want to",11,"makes","me","want","to",0.785714285714286
"nice to meet you",11,"nice","to","meet","you",0.916666666666667
"once upon a time",11,"once","upon","a","time",1
"thanks for the shout",11,"thanks","for","the","shout",0.0340557275541796
"that it was a",11,"that","it","was","a",0.207547169811321
"the beginning of the",11,"the","beginning","of","the",0.366666666666667
"the first day of",11,"the","first","day","of",0.6875
"the other side of",11,"the","other","side","of",0.5
"there are a lot",11,"there","are","a","lot",0.379310344827586
"this is what i",11,"this","is","what","i",0.305555555555556
"to be one of",11,"to","be","one","of",0.785714285714286
"to get out of",11,"to","get","out","of",0.392857142857143
"to look forward to",11,"to","look","forward","to",1
"to see you there",11,"to","see","you","there",0.107843137254902
"wait to see you",11,"wait","to","see","you",0.2
"we hope to see",11,"we","hope","to","see",0.733333333333333
"you don't want to",11,"you","don't","want","to",0.611111111111111
"you have to be",11,"you","have","to","be",0.129411764705882
"you know what i",11,"you","know","what","i",0.314285714285714
"you want to be",11,"you","want","to","be",0.11
"you would like to",11,"you","would","like","to",0.733333333333333
"a few weeks ago",10,"a","few","weeks","ago",0.384615384615385
"a good idea to",10,"a","good","idea","to",0.344827586206897
"and the rest of",10,"and","the","rest","of",0.666666666666667
"are a lot of",10,"are","a","lot","of",0.769230769230769
"as long as i",10,"as","long","as","i",0.158730158730159
"as part of the",10,"as","part","of","the",0.526315789473684
"at the age of",10,"at","the","age","of",1
"be a good day",10,"be","a","good","day",0.181818181818182
"be the first to",10,"be","the","first","to",0.555555555555556
"big fat independent movie",10,"big","fat","independent","movie",1
"by the end of",10,"by","the","end","of",0.833333333333333
"for all of us",10,"for","all","of","us",0.277777777777778
"going to have to",10,"going","to","have","to",0.416666666666667
"had a chance to",10,"had","a","chance","to",0.833333333333333
"had a lot of",10,"had","a","lot","of",0.769230769230769
"how much i love",10,"how","much","i","love",0.357142857142857
"i'm not going to",10,"i'm","not","going","to",0.909090909090909
"i am not a",10,"i","am","not","a",0.142857142857143
"i didn't want to",10,"i","didn't","want","to",0.625
"i don't have a",10,"i","don't","have","a",0.217391304347826
"i don't know why",10,"i","don't","know","why",0.103092783505155
"i dont know if",10,"i","dont","know","if",0.185185185185185
"i feel like a",10,"i","feel","like","a",0.104166666666667
"i had no idea",10,"i","had","no","idea",0.454545454545455
"i have to admit",10,"i","have","to","admit",0.0714285714285714
"i have to do",10,"i","have","to","do",0.0714285714285714
"i need to be",10,"i","need","to","be",0.0662251655629139
"i really need to",10,"i","really","need","to",0.625
"i really want to",10,"i","really","want","to",0.769230769230769
"i think i was",10,"i","think","i","was",0.103092783505155
"i think it was",10,"i","think","it","was",0.204081632653061
"i want to do",10,"i","want","to","do",0.0529100529100529
"i will have to",10,"i","will","have","to",0.454545454545455
"in a way that",10,"in","a","way","that",0.434782608695652
"in the near future",10,"in","the","near","future",1
"in the united states",10,"in","the","united","states",0.909090909090909
"it has been a",10,"it","has","been","a",0.32258064516129
"it was the first",10,"it","was","the","first",0.217391304347826
"just in time for",10,"just","in","time","for",0.714285714285714
"keep up the great",10,"keep","up","the","great",0.555555555555556
"love you i love",10,"love","you","i","love",0.625
"love you so much",10,"love","you","so","much",0.666666666666667
"my big fat independent",10,"my","big","fat","independent",0.909090909090909
"my husband and i",10,"my","husband","and","i",0.833333333333333
"north dakota home school",10,"north","dakota","home","school",1
"one of my favorites",10,"one","of","my","favorites",0.0746268656716418
"one of the things",10,"one","of","the","things",0.0304878048780488
"please feel free to",10,"please","feel","free","to",1
"so i can get",10,"so","i","can","get",0.161290322580645
"so i decided to",10,"so","i","decided","to",0.769230769230769
"some of the most",10,"some","of","the","most",0.078740157480315
"take a look at",10,"take","a","look","at",0.476190476190476
"thanks for following me",10,"thanks","for","following","me",0.175438596491228
"the fact that the",10,"the","fact","that","the",0.0884955752212389
"the first time i",10,"the","first","time","i",0.103092783505155
"the north dakota home",10,"the","north","dakota","home",0.5
"this is a great",10,"this","is","a","great",0.0900900900900901
"to all of you",10,"to","all","of","you",0.303030303030303
"to come up with",10,"to","come","up","with",1
"to learn how to",10,"to","learn","how","to",0.909090909090909
"to take care of",10,"to","take","care","of",1
"to the point where",10,"to","the","point","where",0.454545454545455
"to the rest of",10,"to","the","rest","of",0.909090909090909
"up the great work",10,"up","the","great","work",1
"what can i say",10,"what","can","i","say",0.714285714285714
"what i wanted to",10,"what","i","wanted","to",0.769230769230769
"what is your favorite",10,"what","is","your","favorite",0.384615384615385
"what you want to",10,"what","you","want","to",0.4
"why is it that",10,"why","is","it","that",0.454545454545455
"you can see the",10,"you","can","see","the",0.238095238095238
"you want to do",10,"you","want","to","do",0.1
"a couple of years",9,"a","couple","of","years",0.0638297872340425
"a few months ago",9,"a","few","months","ago",0.346153846153846
"a great deal of",9,"a","great","deal","of",0.45
"a huge fan of",9,"a","huge","fan","of",0.5625
"a lot of fun",9,"a","lot","of","fun",0.0335820895522388
"all over the place",9,"all","over","the","place",0.25
"am i the only",9,"am","i","the","only",1
"and i have to",9,"and","i","have","to",0.142857142857143
"and i will be",9,"and","i","will","be",0.195652173913043
"and one of the",9,"and","one","of","the",0.692307692307692
"are you coming to",9,"are","you","coming","to",0.6
"as one of the",9,"as","one","of","the",0.529411764705882
"awkward moment when you",9,"awkward","moment","when","you",0.391304347826087
"been a while since",9,"been","a","while","since",0.692307692307692
"but i have a",9,"but","i","have","a",0.290322580645161
"but it is a",9,"but","it","is","a",0.18
"but it was a",9,"but","it","was","a",0.204545454545455
"day to all the",9,"day","to","all","the",0.5
"don't know how to",9,"don't","know","how","to",0.473684210526316
"every now and then",9,"every","now","and","then",0.818181818181818
"everyone who came out",9,"everyone","who","came","out",1
"for the shout out",9,"for","the","shout","out",0.692307692307692
"for those of you",9,"for","those","of","you",0.692307692307692
"get out of the",9,"get","out","of","the",0.36
"ha ha ha ha",9,"ha","ha","ha","ha",0.428571428571429
"have no idea how",9,"have","no","idea","how",0.219512195121951
"he was going to",9,"he","was","going","to",0.818181818181818
"hope you had a",9,"hope","you","had","a",0.75
"i'll let you know",9,"i'll","let","you","know",0.818181818181818
"i can't help but",9,"i","can't","help","but",0.9
"i had a dream",9,"i","had","a","dream",0.0947368421052632
"i hate when people",9,"i","hate","when","people",0.409090909090909
"i like to think",9,"i","like","to","think",0.195652173913043
"i miss you too",9,"i","miss","you","too",0.204545454545455
"i think it is",9,"i","think","it","is",0.183673469387755
"i was at the",9,"i","was","at","the",0.375
"i wonder if the",9,"i","wonder","if","the",0.236842105263158
"in a few weeks",9,"in","a","few","weeks",0.264705882352941
"in a good way",9,"in","a","good","way",0.473684210526316
"in one of the",9,"in","one","of","the",0.391304347826087
"in order to get",9,"in","order","to","get",0.115384615384615
"is supposed to be",9,"is","supposed","to","be",0.6
"it was one of",9,"it","was","one","of",0.9
"it would have been",9,"it","would","have","been",0.642857142857143
"looking forward to a",9,"looking","forward","to","a",0.0517241379310345
"might be able to",9,"might","be","able","to",1
"north dakota snowmobile trail",9,"north","dakota","snowmobile","trail",1
"not a fan of",9,"not","a","fan","of",0.75
"of some of the",9,"of","some","of","the",0.6
"on the side of",9,"on","the","side","of",0.428571428571429
"one of these days",9,"one","of","these","days",0.272727272727273
"over and over again",9,"over","and","over","again",0.36
"see if i can",9,"see","if","i","can",0.642857142857143
"some of the best",9,"some","of","the","best",0.0708661417322835
"take the time to",9,"take","the","time","to",0.9
"thank you to everyone",9,"thank","you","to","everyone",0.25
"that i had to",9,"that","i","had","to",0.272727272727273
"that i have to",9,"that","i","have","to",0.118421052631579
"that it would be",9,"that","it","would","be",0.5625
"the fact that we",9,"the","fact","that","we",0.079646017699115
"the front of the",9,"the","front","of","the",0.5625
"the middle of a",9,"the","middle","of","a",0.160714285714286
"the north dakota snowmobile",9,"the","north","dakota","snowmobile",0.45
"the only one that",9,"the","only","one","that",0.264705882352941
"there is a lot",9,"there","is","a","lot",0.0865384615384615
"there is so much",9,"there","is","so","much",1
"this time of year",9,"this","time","of","year",0.9
"to be in the",9,"to","be","in","the",0.2
"to check out the",9,"to","check","out","the",0.28125
"to do with it",9,"to","do","with","it",0.12
"to see you at",9,"to","see","you","at",0.0882352941176471
"to the fact that",9,"to","the","fact","that",0.9
"wait to see the",9,"wait","to","see","the",0.163636363636364
"we were able to",9,"we","were","able","to",1
"what i can do",9,"what","i","can","do",0.5
"with the help of",9,"with","the","help","of",1
"with the rest of",9,"with","the","rest","of",0.9
"would love to have",9,"would","love","to","have",0.111111111111111
"you dont have to",9,"you","dont","have","to",0.692307692307692
"you need to do",9,"you","need","to","do",0.128571428571429
"you please follow me",9,"you","please","follow","me",1
"a chance to win",8,"a","chance","to","win",0.173913043478261
"a lot of time",8,"a","lot","of","time",0.0298507462686567
"and a lot of",8,"and","a","lot","of",0.727272727272727
"and i have been",8,"and","i","have","been",0.126984126984127
"and thanks for the",8,"and","thanks","for","the",0.4
"as a matter of",8,"as","a","matter","of",1
"at the university of",8,"at","the","university","of",0.888888888888889
"by the way i",8,"by","the","way","i",0.186046511627907
"can't wait to hear",8,"can't","wait","to","hear",0.0714285714285714
"come up with a",8,"come","up","with","a",0.258064516129032
"every single one of",8,"every","single","one","of",0.888888888888889
"figure out how to",8,"figure","out","how","to",0.615384615384615
"for a few days",8,"for","a","few","days",0.205128205128205
"good to see you",8,"good","to","see","you",0.615384615384615
"had so much fun",8,"had","so","much","fun",1
"have a great time",8,"have","a","great","time",0.0941176470588235
"here are a few",8,"here","are","a","few",0.666666666666667
"i am happy to",8,"i","am","happy","to",0.8
"i am pretty sure",8,"i","am","pretty","sure",1
"i am ready to",8,"i","am","ready","to",0.888888888888889
"i am trying to",8,"i","am","trying","to",0.888888888888889
"i can think of",8,"i","can","think","of",0.666666666666667
"i cant wait to",8,"i","cant","wait","to",0.421052631578947
"i don't even know",8,"i","don't","even","know",0.4
"i have a lot",8,"i","have","a","lot",0.0536912751677852
"i just need to",8,"i","just","need","to",0.380952380952381
"i just wanted to",8,"i","just","wanted","to",0.888888888888889
"i think i can",8,"i","think","i","can",0.0824742268041237
"i think i have",8,"i","think","i","have",0.0824742268041237
"i want to see",8,"i","want","to","see",0.0423280423280423
"i wanted to do",8,"i","wanted","to","do",0.0963855421686747
"if i have to",8,"if","i","have","to",0.444444444444444
"if they want to",8,"if","they","want","to",0.8
"if you do not",8,"if","you","do","not",0.347826086956522
"if you don't know",8,"if","you","don't","know",0.153846153846154
"if you don't like",8,"if","you","don't","like",0.153846153846154
"in a good mood",8,"in","a","good","mood",0.421052631578947
"in addition to the",8,"in","addition","to","the",0.275862068965517
"in front of a",8,"in","front","of","a",0.106666666666667
"in the process of",8,"in","the","process","of",0.285714285714286
"in the same way",8,"in","the","same","way",0.205128205128205
"is a good thing",8,"is","a","good","thing",0.163265306122449
"is a lot of",8,"is","a","lot","of",0.5
"it's gonna be a",8,"it's","gonna","be","a",0.444444444444444
"it has to be",8,"it","has","to","be",0.571428571428571
"it is important to",8,"it","is","important","to",0.571428571428571
"it used to be",8,"it","used","to","be",0.888888888888889
"it was going to",8,"it","was","going","to",0.666666666666667
"it was just a",8,"it","was","just","a",0.258064516129032
"it was nice to",8,"it","was","nice","to",0.444444444444444
"know if you need",8,"know","if","you","need",0.25
"my way to the",8,"my","way","to","the",0.242424242424242
"of the things that",8,"of","the","things","that",0.4
"on a regular basis",8,"on","a","regular","basis",0.888888888888889
"on the big screen",8,"on","the","big","screen",0.727272727272727
"once in a while",8,"once","in","a","while",0.8
"one of the biggest",8,"one","of","the","biggest",0.024390243902439
"one of the few",8,"one","of","the","few",0.024390243902439
"out of the house",8,"out","of","the","house",0.0555555555555556
"over the past few",8,"over","the","past","few",0.333333333333333
"please follow me i",8,"please","follow","me","i",0.2
"see what i can",8,"see","what","i","can",0.470588235294118
"sounds like a plan",8,"sounds","like","a","plan",0.25
"thank you for making",8,"thank","you","for","making",0.0579710144927536
"thanks for the tweet",8,"thanks","for","the","tweet",0.0247678018575851
"that i have been",8,"that","i","have","been",0.105263157894737
"that i will be",8,"that","i","will","be",0.296296296296296
"that there was a",8,"that","there","was","a",0.533333333333333
"the back of my",8,"the","back","of","my",0.216216216216216
"the center of the",8,"the","center","of","the",0.533333333333333
"the heart of the",8,"the","heart","of","the",0.380952380952381
"the last couple of",8,"the","last","couple","of",1
"the new york times",8,"the","new","york","times",0.533333333333333
"the only one who",8,"the","only","one","who",0.235294117647059
"the side of the",8,"the","side","of","the",0.5
"there are a few",8,"there","are","a","few",0.275862068965517
"they seem to be",8,"they","seem","to","be",0.666666666666667
"this is not a",8,"this","is","not","a",0.205128205128205
"those of you who",8,"those","of","you","who",0.666666666666667
"time for me to",8,"time","for","me","to",0.666666666666667
"to be on the",8,"to","be","on","the",0.307692307692308
"to be part of",8,"to","be","part","of",1
"to do the same",8,"to","do","the","same",0.19047619047619
"to everyone who came",8,"to","everyone","who","came",0.444444444444444
"to figure out how",8,"to","figure","out","how",0.242424242424242
"to go to sleep",8,"to","go","to","sleep",0.0816326530612245
"to keep up with",8,"to","keep","up","with",0.571428571428571
"to live in the",8,"to","live","in","the",0.533333333333333
"to say the least",8,"to","say","the","least",0.444444444444444
"to see you in",8,"to","see","you","in",0.0784313725490196
"was the first time",8,"was","the","first","time",0.242424242424242
"we would love to",8,"we","would","love","to",0.888888888888889
"what do you want",8,"what","do","you","want",0.106666666666667
"what is going on",8,"what","is","going","on",0.727272727272727
"when i was little",8,"when","i","was","little",0.0816326530612245
"who came out to",8,"who","came","out","to",0.571428571428571
"wish i could have",8,"wish","i","could","have",0.19047619047619
"with a bunch of",8,"with","a","bunch","of",1
"you are interested in",8,"you","are","interested","in",0.615384615384615
"you can do it",8,"you","can","do","it",0.363636363636364
"you for the follow",8,"you","for","the","follow",0.148148148148148
"you just have to",8,"you","just","have","to",1
"you want me to",8,"you","want","me","to",0.888888888888889
"a copy of the",7,"a","copy","of","the",0.4375
"a few of the",7,"a","few","of","the",0.333333333333333
"a friend of mine",7,"a","friend","of","mine",0.636363636363636
"a good time to",7,"a","good","time","to",0.233333333333333
"a hell of a",7,"a","hell","of","a",1
"a lot of things",7,"a","lot","of","things",0.0261194029850746
"all over the world",7,"all","over","the","world",0.194444444444444
"all you need to",7,"all","you","need","to",0.636363636363636
"and i can't wait",7,"and","i","can't","wait",0.388888888888889
"and i had a",7,"and","i","had","a",0.241379310344828
"and i want to",7,"and","i","want","to",0.466666666666667
"and i went to",7,"and","i","went","to",0.583333333333333
"and thank you for",7,"and","thank","you","for",0.411764705882353
"as much as you",7,"as","much","as","you",0.111111111111111
"at the start of",7,"at","the","start","of",1
"back in the day",7,"back","in","the","day",0.152173913043478
"be a lot of",7,"be","a","lot","of",0.538461538461538
"but then again i",7,"but","then","again","i",0.636363636363636
"but there is a",7,"but","there","is","a",0.368421052631579
"can't wait to get",7,"can't","wait","to","get",0.0625
"can i get a",7,"can","i","get","a",0.538461538461538
"do the right thing",7,"do","the","right","thing",1
"does it take to",7,"does","it","take","to",0.777777777777778
"don't want to be",7,"don't","want","to","be",0.114754098360656
"every once in a",7,"every","once","in","a",1
"fall in love with",7,"fall","in","love","with",0.583333333333333
"find the time to",7,"find","the","time","to",1
"follow me i love",7,"follow","me","i","love",0.411764705882353
"forward to your tweets",7,"forward","to","your","tweets",0.466666666666667
"give us a call",7,"give","us","a","call",0.466666666666667
"glad to hear you",7,"glad","to","hear","you",0.411764705882353
"going to have a",7,"going","to","have","a",0.291666666666667
"going to make a",7,"going","to","make","a",0.333333333333333
"going to try to",7,"going","to","try","to",0.466666666666667
"had a good time",7,"had","a","good","time",0.318181818181818
"happy mother's day to",7,"happy","mother's","day","to",0.291666666666667
"have the right to",7,"have","the","right","to",0.7
"i'm pretty sure i",7,"i'm","pretty","sure","i",0.304347826086957
"i came up with",7,"i","came","up","with",1
"i can tell you",7,"i","can","tell","you",0.466666666666667
"i decided to go",7,"i","decided","to","go",0.11864406779661
"i decided to make",7,"i","decided","to","make",0.11864406779661
"i do have a",7,"i","do","have","a",0.466666666666667
"i don't have time",7,"i","don't","have","time",0.152173913043478
"i don't have to",7,"i","don't","have","to",0.152173913043478
"i don't think so",7,"i","don't","think","so",0.116666666666667
"i dont know what",7,"i","dont","know","what",0.12962962962963
"i had a great",7,"i","had","a","great",0.0736842105263158
"i have to get",7,"i","have","to","get",0.05
"i hope that you",7,"i","hope","that","you",0.333333333333333
"i hope you have",7,"i","hope","you","have",0.102941176470588
"i just had to",7,"i","just","had","to",0.4375
"i just love the",7,"i","just","love","the",0.333333333333333
"i knew it was",7,"i","knew","it","was",0.4375
"i know i have",7,"i","know","i","have",0.120689655172414
"i know you are",7,"i","know","you","are",0.25
"i love it when",7,"i","love","it","when",0.145833333333333
"i may or may",7,"i","may","or","may",1
"i think he is",7,"i","think","he","is",0.466666666666667
"i want to know",7,"i","want","to","know",0.037037037037037
"i wanted to be",7,"i","wanted","to","be",0.0843373493975904
"i was a kid",7,"i","was","a","kid",0.14
"i was in the",7,"i","was","in","the",0.137254901960784
"i was supposed to",7,"i","was","supposed","to",1
"i was wondering if",7,"i","was","wondering","if",0.875
"i was working on",7,"i","was","working","on",0.7
"i will never forget",7,"i","will","never","forget",0.368421052631579
"if i had a",7,"if","i","had","a",0.318181818181818
"if you'd like to",7,"if","you'd","like","to",0.875
"if you look at",7,"if","you","look","at",0.538461538461538
"in love with the",7,"in","love","with","the",0.12962962962963
"in my life i",7,"in","my","life","i",0.116666666666667
"in new york city",7,"in","new","york","city",0.2
"in the back of",7,"in","the","back","of",0.388888888888889
"in the case of",7,"in","the","case","of",0.7
"in the first round",7,"in","the","first","round",0.134615384615385
"in the heart of",7,"in","the","heart","of",0.636363636363636
"in the morning and",7,"in","the","morning","and",0.125
"is it bad that",7,"is","it","bad","that",1
"is not going to",7,"is","not","going","to",1
"is the fact that",7,"is","the","fact","that",1
"it is one of",7,"it","is","one","of",1
"it is time to",7,"it","is","time","to",0.583333333333333
"it seems to me",7,"it","seems","to","me",0.5
"it was time to",7,"it","was","time","to",0.538461538461538
"its going to be",7,"its","going","to","be",0.636363636363636
"just a little bit",7,"just","a","little","bit",0.269230769230769
"look forward to seeing",7,"look","forward","to","seeing",0.12280701754386
"love of my life",7,"love","of","my","life",1
"me i love you",7,"me","i","love","you",0.7
"not much of a",7,"not","much","of","a",1
"now it's time to",7,"now","it's","time","to",0.777777777777778
"of my all time",7,"of","my","all","time",1
"of the united states",7,"of","the","united","states",0.636363636363636
"of the world is",7,"of","the","world","is",0.162790697674419
"on a daily basis",7,"on","a","daily","basis",0.875
"on the edge of",7,"on","the","edge","of",0.777777777777778
"one of the many",7,"one","of","the","many",0.0213414634146341
"reminds me of my",7,"reminds","me","of","my",0.25
"rest of the world",7,"rest","of","the","world",0.0853658536585366
"see you next week",7,"see","you","next","week",0.7
"shout out to all",7,"shout","out","to","all",0.28
"so much so that",7,"so","much","so","that",0.777777777777778
"so that i can",7,"so","that","i","can",0.5
"sounds like a great",7,"sounds","like","a","great",0.21875
"thank you for all",7,"thank","you","for","all",0.0507246376811594
"thanks for all the",7,"thanks","for","all","the",0.368421052631579
"thanks for following us",7,"thanks","for","following","us",0.12280701754386
"thanks for the love",7,"thanks","for","the","love",0.021671826625387
"thanks for the retweet",7,"thanks","for","the","retweet",0.021671826625387
"thanks for the rts",7,"thanks","for","the","rts",0.021671826625387
"thanks to all who",7,"thanks","to","all","who",0.28
"that i want to",7,"that","i","want","to",0.538461538461538
"the course of a",7,"the","course","of","a",0.304347826086957
"the difference between a",7,"the","difference","between","a",0.4375
"the end of a",7,"the","end","of","a",0.0583333333333333
"the fact that they",7,"the","fact","that","they",0.0619469026548673
"the idea of a",7,"the","idea","of","a",0.175
"the last day of",7,"the","last","day","of",0.538461538461538
"the last few years",7,"the","last","few","years",0.25
"the next time i",7,"the","next","time","i",0.583333333333333
"the only way to",7,"the","only","way","to",0.35
"the start of the",7,"the","start","of","the",0.368421052631579
"this will be the",7,"this","will","be","the",0.318181818181818
"to all of our",7,"to","all","of","our",0.212121212121212
"to be a better",7,"to","be","a","better",0.0321100917431193
"to be a long",7,"to","be","a","long",0.0321100917431193
"to be the best",7,"to","be","the","best",0.0813953488372093
"to check it out",7,"to","check","it","out",1
"to do with the",7,"to","do","with","the",0.0933333333333333
"to figure it out",7,"to","figure","it","out",1
"to get into the",7,"to","get","into","the",0.5
"to go to bed",7,"to","go","to","bed",0.0714285714285714
"to make sure i",7,"to","make","sure","i",0.205882352941176
"to make up for",7,"to","make","up","for",0.583333333333333
"trying to make it",7,"trying","to","make","it",0.318181818181818
"turns out to be",7,"turns","out","to","be",1
"us know if you",7,"us","know","if","you",0.583333333333333
"want to do it",7,"want","to","do","it",0.189189189189189
"wanted to be a",7,"wanted","to","be","a",0.269230769230769
"we can't wait to",7,"we","can't","wait","to",0.7
"we have to do",7,"we","have","to","do",0.116666666666667
"what are you going",7,"what","are","you","going",0.142857142857143
"what did you think",7,"what","did","you","think",0.291666666666667
"what i was doing",7,"what","i","was","doing",0.333333333333333
"what you need to",7,"what","you","need","to",0.538461538461538
"who do you think",7,"who","do","you","think",0.7
"will be on the",7,"will","be","on","the",0.333333333333333
"wish i had a",7,"wish","i","had","a",0.304347826086957
"would be a great",7,"would","be","a","great",0.12280701754386
"would like to be",7,"would","like","to","be",0.0945945945945946
"would love to hear",7,"would","love","to","hear",0.0864197530864197
"you are a true",7,"you","are","a","true",0.184210526315789
"you for the rt",7,"you","for","the","rt",0.12962962962963
"you have any questions",7,"you","have","any","questions",0.259259259259259
"you need to know",7,"you","need","to","know",0.1
"you want to know",7,"you","want","to","know",0.07
"a couple of months",6,"a","couple","of","months",0.0425531914893617
"a few of my",6,"a","few","of","my",0.285714285714286
"a few years ago",6,"a","few","years","ago",0.333333333333333
"a great time to",6,"a","great","time","to",0.153846153846154
"a long time ago",6,"a","long","time","ago",0.122448979591837
"a look at the",6,"a","look","at","the",0.352941176470588
"a lot of them",6,"a","lot","of","them",0.0223880597014925
"a week or so",6,"a","week","or","so",0.666666666666667
"a whole lot of",6,"a","whole","lot","of",0.461538461538462
"add boston add boston",6,"add","boston","add","boston",1
"all i want to",6,"all","i","want","to",0.5
"always going to be",6,"always","going","to","be",0.857142857142857
"am happy to say",6,"am","happy","to","say",0.75
"am i supposed to",6,"am","i","supposed","to",1
"and all of the",6,"and","all","of","the",0.5
"and i had to",6,"and","i","had","to",0.206896551724138
"and it was a",6,"and","it","was","a",0.109090909090909
"are the muslims who",6,"are","the","muslims","who",1
"as far as i",6,"as","far","as","i",0.2
"as far as the",6,"as","far","as","the",0.2
"as much as the",6,"as","much","as","the",0.0952380952380952
"asked me if i",6,"asked","me","if","i",0.857142857142857
"at the bottom of",6,"at","the","bottom","of",0.5
"at the grocery store",6,"at","the","grocery","store",1
"be a good idea",6,"be","a","good","idea",0.109090909090909
"be able to do",6,"be","able","to","do",0.0476190476190476
"be able to get",6,"be","able","to","get",0.0476190476190476
"be on the lookout",6,"be","on","the","lookout",0.206896551724138
"be part of the",6,"be","part","of","the",0.428571428571429
"be sure to check",6,"be","sure","to","check",0.133333333333333
"but at the same",6,"but","at","the","same",0.545454545454545
"but i have to",6,"but","i","have","to",0.193548387096774
"but in the end",6,"but","in","the","end",0.272727272727273
"can't wait to try",6,"can't","wait","to","try",0.0535714285714286
"cant wait to see",6,"cant","wait","to","see",0.333333333333333
"come see us at",6,"come","see","us","at",0.6
"despite the fact that",6,"despite","the","fact","that",1
"do i have to",6,"do","i","have","to",0.4
"do i need to",6,"do","i","need","to",0.75
"do my best to",6,"do","my","best","to",1
"do something about it",6,"do","something","about","it",0.666666666666667
"do you know how",6,"do","you","know","how",0.157894736842105
"do you want me",6,"do","you","want","me",0.206896551724138
"doesn't have to be",6,"doesn't","have","to","be",0.857142857142857
"fact that i have",6,"fact","that","i","have",0.3
"favorite thing to do",6,"favorite","thing","to","do",0.857142857142857
"feel bad for the",6,"feel","bad","for","the",0.666666666666667
"for a few hours",6,"for","a","few","hours",0.153846153846154
"for as long as",6,"for","as","long","as",1
"for some reason i",6,"for","some","reason","i",0.315789473684211
"for the heads up",6,"for","the","heads","up",1
"for the kind words",6,"for","the","kind","words",0.857142857142857
"for the sake of",6,"for","the","sake","of",1
"from one of the",6,"from","one","of","the",0.6
"glad to hear it",6,"glad","to","hear","it",0.352941176470588
"go back to the",6,"go","back","to","the",0.181818181818182
"going to be in",6,"going","to","be","in",0.0319148936170213
"going to see the",6,"going","to","see","the",0.24
"great to see you",6,"great","to","see","you",0.375
"great way to start",6,"great","way","to","start",0.230769230769231
"had nothing to do",6,"had","nothing","to","do",0.857142857142857
"happy new year everyone",6,"happy","new","year","everyone",0.181818181818182
"have the opportunity to",6,"have","the","opportunity","to",1
"have to do with",6,"have","to","do","with",0.142857142857143
"he is going to",6,"he","is","going","to",0.75
"hope everyone has a",6,"hope","everyone","has","a",0.75
"hope you like it",6,"hope","you","like","it",0.5
"how do i get",6,"how","do","i","get",0.3
"how do i know",6,"how","do","i","know",0.3
"how do you feel",6,"how","do","you","feel",0.130434782608696
"how many of you",6,"how","many","of","you",0.75
"how to do it",6,"how","to","do","it",0.315789473684211
"i'm just going to",6,"i'm","just","going","to",0.75
"i'm not sure how",6,"i'm","not","sure","how",0.24
"i am not sure",6,"i","am","not","sure",0.0857142857142857
"i am on the",6,"i","am","on","the",0.545454545454545
"i am so happy",6,"i","am","so","happy",0.101694915254237
"i can do is",6,"i","can","do","is",0.181818181818182
"i can do to",6,"i","can","do","to",0.181818181818182
"i can get a",6,"i","can","get","a",0.157894736842105
"i didnt want to",6,"i","didnt","want","to",0.666666666666667
"i don't think i",6,"i","don't","think","i",0.1
"i dont have a",6,"i","dont","have","a",0.285714285714286
"i dont know why",6,"i","dont","know","why",0.111111111111111
"i feel bad for",6,"i","feel","bad","for",0.75
"i feel the same",6,"i","feel","the","same",0.666666666666667
"i fell in love",6,"i","fell","in","love",1
"i have yet to",6,"i","have","yet","to",1
"i hope i can",6,"i","hope","i","can",0.285714285714286
"i hope you are",6,"i","hope","you","are",0.0882352941176471
"i hope you like",6,"i","hope","you","like",0.0882352941176471
"i know what i",6,"i","know","what","i",0.333333333333333
"i like the idea",6,"i","like","the","idea",0.1875
"i looked at the",6,"i","looked","at","the",0.375
"i remember when i",6,"i","remember","when","i",0.666666666666667
"i started this blog",6,"i","started","this","blog",0.6
"i the only one",6,"i","the","only","one",0.6
"i think i am",6,"i","think","i","am",0.0618556701030928
"i think i just",6,"i","think","i","just",0.0618556701030928
"i think i will",6,"i","think","i","will",0.0618556701030928
"i think that is",6,"i","think","that","is",0.176470588235294
"i think we can",6,"i","think","we","can",0.206896551724138
"i think you should",6,"i","think","you","should",0.214285714285714
"i thought i would",6,"i","thought","i","would",0.15
"i used to be",6,"i","used","to","be",0.111111111111111
"i used to know",6,"i","used","to","know",0.111111111111111
"i want it to",6,"i","want","it","to",0.545454545454545
"i want to thank",6,"i","want","to","thank",0.0317460317460317
"i was in a",6,"i","was","in","a",0.117647058823529
"i was so excited",6,"i","was","so","excited",0.162162162162162
"i would be so",6,"i","would","be","so",0.146341463414634
"if i want to",6,"if","i","want","to",0.857142857142857
"if you're going to",6,"if","you're","going","to",0.75
"if you are still",6,"if","you","are","still",0.0666666666666667
"if you don't want",6,"if","you","don't","want",0.115384615384615
"if you would like",6,"if","you","would","like",0.428571428571429
"im going to do",6,"im","going","to","do",0.146341463414634
"im not going to",6,"im","not","going","to",0.6
"in a few days",6,"in","a","few","days",0.176470588235294
"in a long time",6,"in","a","long","time",0.545454545454545
"in spite of the",6,"in","spite","of","the",0.4
"in the early s",6,"in","the","early","s",0.461538461538462
"in the first half",6,"in","the","first","half",0.115384615384615
"in the next few",6,"in","the","next","few",0.2
"is where it's at",6,"is","where","it's","at",1
"it's been a while",6,"it's","been","a","while",0.260869565217391
"it comes to the",6,"it","comes","to","the",0.115384615384615
"it doesn't have to",6,"it","doesn't","have","to",0.75
"it is going to",6,"it","is","going","to",1
"it is hard to",6,"it","is","hard","to",1
"it is to be",6,"it","is","to","be",0.285714285714286
"it was great to",6,"it","was","great","to",0.272727272727273
"it was time for",6,"it","was","time","for",0.461538461538462
"it will be a",6,"it","will","be","a",0.0952380952380952
"it will be the",6,"it","will","be","the",0.0952380952380952
"just as much as",6,"just","as","much","as",0.75
"just got back from",6,"just","got","back","from",0.75
"just one of those",6,"just","one","of","those",0.666666666666667
"just wanted to say",6,"just","wanted","to","say",0.315789473684211
"know if you have",6,"know","if","you","have",0.1875
"know what i mean",6,"know","what","i","mean",0.24
"let me know and",6,"let","me","know","and",0.0666666666666667
"let me know how",6,"let","me","know","how",0.0666666666666667
"let me know what",6,"let","me","know","what",0.0666666666666667
"let me tell you",6,"let","me","tell","you",0.857142857142857
"let us know what",6,"let","us","know","what",0.162162162162162
"like a lot of",6,"like","a","lot","of",0.545454545454545
"like the idea of",6,"like","the","idea","of",0.857142857142857
"like to think that",6,"like","to","think","that",0.428571428571429
"love to see you",6,"love","to","see","you",0.260869565217391
"may be able to",6,"may","be","able","to",1
"more likely to be",6,"more","likely","to","be",0.315789473684211
"mother's day to all",6,"mother's","day","to","all",0.75
"my all time favorite",6,"my","all","time","favorite",0.545454545454545
"need to do is",6,"need","to","do","is",0.25
"never thought i would",6,"never","thought","i","would",1
"no matter how hard",6,"no","matter","how","hard",0.206896551724138
"not be allowed to",6,"not","be","allowed","to",1
"not in a good",6,"not","in","a","good",0.5
"not looking forward to",6,"not","looking","forward","to",1
"of one of the",6,"of","one","of","the",0.333333333333333
"of the most important",6,"of","the","most","important",0.0909090909090909
"of the th century",6,"of","the","th","century",0.5
"on the lookout for",6,"on","the","lookout","for",0.75
"on the way home",6,"on","the","way","home",0.13953488372093
"on top of that",6,"on","top","of","that",0.15
"one of my all",6,"one","of","my","all",0.0447761194029851
"one of those days",6,"one","of","those","days",0.0789473684210526
"open to the public",6,"open","to","the","public",0.75
"or may not have",6,"or","may","not","have",0.5
"other side of the",6,"other","side","of","the",0.545454545454545
"out of the way",6,"out","of","the","way",0.0416666666666667
"out to be a",6,"out","to","be","a",0.222222222222222
"over medium high heat",6,"over","medium","high","heat",1
"please let me know",6,"please","let","me","know",1
"rest of my life",6,"rest","of","my","life",0.375
"see you at the",6,"see","you","at","the",0.24
"seems to be a",6,"seems","to","be","a",0.105263157894737
"seems to be the",6,"seems","to","be","the",0.105263157894737
"should be a good",6,"should","be","a","good",0.25
"should be able to",6,"should","be","able","to",1
"shut the fuck up",6,"shut","the","fuck","up",1
"so i had to",6,"so","i","had","to",0.857142857142857
"some of my favorite",6,"some","of","my","favorite",0.1875
"some of the other",6,"some","of","the","other",0.047244094488189
"something to do with",6,"something","to","do","with",0.4
"soon as i get",6,"soon","as","i","get",0.375
"such a thing as",6,"such","a","thing","as",0.5
"tell me what you",6,"tell","me","what","you",0.4
"tens of thousands of",6,"tens","of","thousands","of",0.857142857142857
"thank you for sharing",6,"thank","you","for","sharing",0.0434782608695652
"thanks for sharing your",6,"thanks","for","sharing","your",0.25
"that's a good thing",6,"that's","a","good","thing",0.461538461538462
"that i have a",6,"that","i","have","a",0.0789473684210526
"that is why i",6,"that","is","why","i",0.6
"that it is not",6,"that","it","is","not",0.146341463414634
"that no matter how",6,"that","no","matter","how",0.6
"that there is a",6,"that","there","is","a",0.260869565217391
"that would be a",6,"that","would","be","a",0.157894736842105
"the back of his",6,"the","back","of","his",0.162162162162162
"the edge of the",6,"the","edge","of","the",0.333333333333333
"the fact that it",6,"the","fact","that","it",0.0530973451327434
"the form of a",6,"the","form","of","a",0.428571428571429
"the inside of the",6,"the","inside","of","the",0.545454545454545
"the last few days",6,"the","last","few","days",0.214285714285714
"the last time you",6,"the","last","time","you",0.285714285714286
"the majority of the",6,"the","majority","of","the",0.375
"the same thing as",6,"the","same","thing","as",0.136363636363636
"the same way as",6,"the","same","way","as",0.222222222222222
"the sound of the",6,"the","sound","of","the",0.428571428571429
"the surface of the",6,"the","surface","of","the",0.6
"the united states and",6,"the","united","states","and",0.133333333333333
"the vast majority of",6,"the","vast","majority","of",1
"there is no way",6,"there","is","no","way",0.0652173913043478
"there would be a",6,"there","would","be","a",0.352941176470588
"this is a good",6,"this","is","a","good",0.0540540540540541
"this is going to",6,"this","is","going","to",0.666666666666667
"thought it was a",6,"thought","it","was","a",0.171428571428571
"to add to my",6,"to","add","to","my",0.428571428571429
"to catch up with",6,"to","catch","up","with",0.3
"to do something about",6,"to","do","something","about",0.2
"to do the right",6,"to","do","the","right",0.142857142857143
"to get away from",6,"to","get","away","from",0.545454545454545
"to give it a",6,"to","give","it","a",0.352941176470588
"to learn more about",6,"to","learn","more","about",0.857142857142857
"to look like a",6,"to","look","like","a",0.352941176470588
"to make sure that",6,"to","make","sure","that",0.176470588235294
"to one of my",6,"to","one","of","my",0.272727272727273
"to play in the",6,"to","play","in","the",0.6
"to point out that",6,"to","point","out","that",0.857142857142857
"to see if i",6,"to","see","if","i",0.166666666666667
"to see you again",6,"to","see","you","again",0.0588235294117647
"to see you on",6,"to","see","you","on",0.0588235294117647
"to share with you",6,"to","share","with","you",0.428571428571429
"to tell you about",6,"to","tell","you","about",0.181818181818182
"to the end of",6,"to","the","end","of",0.461538461538462
"to think about it",6,"to","think","about","it",0.285714285714286
"too much of a",6,"too","much","of","a",0.545454545454545
"vote vote vote vote",6,"vote","vote","vote","vote",0.857142857142857
"want to be in",6,"want","to","be","in",0.0769230769230769
"want to know what",6,"want","to","know","what",0.166666666666667
"want to take a",6,"want","to","take","a",0.5
"was looking forward to",6,"was","looking","forward","to",1
"was the only one",6,"was","the","only","one",0.461538461538462
"we are looking for",6,"we","are","looking","for",0.428571428571429
"we didn't get to",6,"we","didn't","get","to",0.75
"we have a new",6,"we","have","a","new",0.101694915254237
"we live in a",6,"we","live","in","a",0.666666666666667
"we look forward to",6,"we","look","forward","to",0.857142857142857
"we need to do",6,"we","need","to","do",0.0895522388059701
"we want to know",6,"we","want","to","know",0.181818181818182
"what did you do",6,"what","did","you","do",0.25
"what do i do",6,"what","do","i","do",0.857142857142857
"what i want to",6,"what","i","want","to",0.461538461538462
"what was going on",6,"what","was","going","on",0.857142857142857
"when are you coming",6,"when","are","you","coming",0.4
"when i went to",6,"when","i","went","to",0.857142857142857
"when it came to",6,"when","it","came","to",0.6
"when you have a",6,"when","you","have","a",0.285714285714286
"will be in the",6,"will","be","in","the",0.3
"will be one of",6,"will","be","one","of",0.75
"will be the first",6,"will","be","the","first",0.166666666666667
"will give you a",6,"will","give","you","a",0.5
"wish i was there",6,"wish","i","was","there",0.2
"with the idea of",6,"with","the","idea","of",1
"would be able to",6,"would","be","able","to",1
"would have been a",6,"would","have","been","a",0.176470588235294
"you and your family",6,"you","and","your","family",0.1875
"you are going to",6,"you","are","going","to",0.6
"you can get a",6,"you","can","get","a",0.222222222222222
"you dont want to",6,"you","dont","want","to",0.857142857142857
"you going to do",6,"you","going","to","do",0.2
"you had a great",6,"you","had","a","great",0.260869565217391
"you have no idea",6,"you","have","no","idea",0.428571428571429
"you will have a",6,"you","will","have","a",0.352941176470588
"a call from the",5,"a","call","from","the",0.714285714285714
"a couple of hours",5,"a","couple","of","hours",0.0354609929078014
"a couple of times",5,"a","couple","of","times",0.0354609929078014
"a cup of tea",5,"a","cup","of","tea",0.357142857142857
"a different kind of",5,"a","different","kind","of",1
"a great addition to",5,"a","great","addition","to",1
"a great time at",5,"a","great","time","at",0.128205128205128
"a list of things",5,"a","list","of","things",0.192307692307692
"a little more than",5,"a","little","more","than",0.151515151515152
"a lot of my",5,"a","lot","of","my",0.0186567164179104
"a matter of fact",5,"a","matter","of","fact",0.238095238095238
"a part of this",5,"a","part","of","this",0.106382978723404
"a safe and happy",5,"a","safe","and","happy",0.5
"a wide variety of",5,"a","wide","variety","of",1
"advice on how to",5,"advice","on","how","to",1
"all at the same",5,"all","at","the","same",0.454545454545455
"all the things i",5,"all","the","things","i",0.5
"along the lines of",5,"along","the","lines","of",0.714285714285714
"am going to be",5,"am","going","to","be",0.116279069767442
"an eye out for",5,"an","eye","out","for",0.833333333333333
"and a bit of",5,"and","a","bit","of",0.625
"and as a result",5,"and","as","a","result",0.357142857142857
"and have a great",5,"and","have","a","great",0.2
"and i'm going to",5,"and","i'm","going","to",1
"and i am still",5,"and","i","am","still",0.0909090909090909
"and i decided to",5,"and","i","decided","to",1
"and i don't have",5,"and","i","don't","have",0.227272727272727
"and i hope you",5,"and","i","hope","you",0.357142857142857
"and i love the",5,"and","i","love","the",0.166666666666667
"and it is a",5,"and","it","is","a",0.0892857142857143
"and now i am",5,"and","now","i","am",0.263157894736842
"and of course i",5,"and","of","course","i",0.119047619047619
"and some of the",5,"and","some","of","the",0.454545454545455
"and there is a",5,"and","there","is","a",0.357142857142857
"are more likely to",5,"are","more","likely","to",1
"are some of the",5,"are","some","of","the",0.833333333333333
"are supposed to be",5,"are","supposed","to","be",0.714285714285714
"are you kidding me",5,"are","you","kidding","me",0.833333333333333
"are you up to",5,"are","you","up","to",1
"as a way of",5,"as","a","way","of",0.5
"as a way to",5,"as","a","way","to",0.5
"as if they were",5,"as","if","they","were",0.555555555555556
"as long as they",5,"as","long","as","they",0.0793650793650794
"as long as we",5,"as","long","as","we",0.0793650793650794
"as soon as we",5,"as","soon","as","we",0.0980392156862745
"as well as other",5,"as","well","as","other",0.0387596899224806
"at least of the",5,"at","least","of","the",0.833333333333333
"at the center of",5,"at","the","center","of",0.833333333333333
"at the last minute",5,"at","the","last","minute",0.625
"at the right time",5,"at","the","right","time",0.833333333333333
"at the time of",5,"at","the","time","of",0.147058823529412
"back in the studio",5,"back","in","the","studio",0.108695652173913
"be a good time",5,"be","a","good","time",0.0909090909090909
"be able to use",5,"be","able","to","use",0.0396825396825397
"be back in the",5,"be","back","in","the",0.625
"be interesting to see",5,"be","interesting","to","see",0.714285714285714
"be one of those",5,"be","one","of","those",0.2
"be the only one",5,"be","the","only","one",0.333333333333333
"because there was a",5,"because","there","was","a",0.714285714285714
"been there done that",5,"been","there","done","that",1
"boston add boston add",5,"boston","add","boston","add",0.833333333333333
"but i think it",5,"but","i","think","it",0.121951219512195
"but there was no",5,"but","there","was","no",0.416666666666667
"by the time he",5,"by","the","time","he",0.166666666666667
"by the time i",5,"by","the","time","i",0.166666666666667
"cake cake cake cake",5,"cake","cake","cake","cake",0.714285714285714
"can't think of a",5,"can't","think","of","a",0.555555555555556
"can be found here",5,"can","be","found","here",0.357142857142857
"can be used to",5,"can","be","used","to",0.555555555555556
"can get away with",5,"can","get","away","with",1
"check out our new",5,"check","out","our","new",0.172413793103448
"check out the new",5,"check","out","the","new",0.142857142857143
"could come up with",5,"could","come","up","with",0.833333333333333
"couple of years ago",5,"couple","of","years","ago",0.384615384615385
"day at a time",5,"day","at","a","time",0.833333333333333
"do i want to",5,"do","i","want","to",1
"do not want to",5,"do","not","want","to",0.714285714285714
"do the same for",5,"do","the","same","for",0.294117647058824
"do you have an",5,"do","you","have","an",0.0943396226415094
"do you think of",5,"do","you","think","of",0.0684931506849315
"don't get me wrong",5,"don't","get","me","wrong",0.714285714285714
"don't have time to",5,"don't","have","time","to",0.555555555555556
"don't know if i",5,"don't","know","if","i",0.277777777777778
"dont know what to",5,"dont","know","what","to",0.357142857142857
"early in the morning",5,"early","in","the","morning",0.416666666666667
"every time i see",5,"every","time","i","see",0.151515151515152
"everyone have a great",5,"everyone","have","a","great",0.714285714285714
"excited to see you",5,"excited","to","see","you",0.357142857142857
"face to face with",5,"face","to","face","with",0.625
"family and friends and",5,"family","and","friends","and",0.25
"feel free to email",5,"feel","free","to","email",0.192307692307692
"feel the same way",5,"feel","the","same","way",0.5
"first day of spring",5,"first","day","of","spring",0.238095238095238
"first time this year",5,"first","time","this","year",0.833333333333333
"for a few minutes",5,"for","a","few","minutes",0.128205128205128
"for a few months",5,"for","a","few","months",0.128205128205128
"for a little bit",5,"for","a","little","bit",0.3125
"for a number of",5,"for","a","number","of",1
"for a variety of",5,"for","a","variety","of",1
"for all you do",5,"for","all","you","do",0.625
"for me in the",5,"for","me","in","the",0.5
"for quite some time",5,"for","quite","some","time",0.833333333333333
"for some of the",5,"for","some","of","the",0.5
"for stopping by and",5,"for","stopping","by","and",0.294117647058824
"for the second time",5,"for","the","second","time",0.555555555555556
"for you if you",5,"for","you","if","you",0.714285714285714
"forward to hearing from",5,"forward","to","hearing","from",0.625
"from time to time",5,"from","time","to","time",1
"get in the way",5,"get","in","the","way",0.416666666666667
"glad you enjoyed it",5,"glad","you","enjoyed","it",0.454545454545455
"got a lot of",5,"got","a","lot","of",0.833333333333333
"great to meet you",5,"great","to","meet","you",0.714285714285714
"had a blast with",5,"had","a","blast","with",0.416666666666667
"had to do with",5,"had","to","do","with",0.277777777777778
"had to go to",5,"had","to","go","to",0.294117647058824
"happy new year to",5,"happy","new","year","to",0.151515151515152
"happy th birthday to",5,"happy","th","birthday","to",0.416666666666667
"happy to say that",5,"happy","to","say","that",0.714285714285714
"has a lot of",5,"has","a","lot","of",0.833333333333333
"have a chance to",5,"have","a","chance","to",0.555555555555556
"have a good day",5,"have","a","good","day",0.111111111111111
"have a good one",5,"have","a","good","one",0.111111111111111
"have a great night",5,"have","a","great","night",0.0588235294117647
"have a safe and",5,"have","a","safe","and",0.625
"have been able to",5,"have","been","able","to",0.833333333333333
"have been in the",5,"have","been","in","the",0.384615384615385
"have no idea why",5,"have","no","idea","why",0.121951219512195
"have the ability to",5,"have","the","ability","to",1
"have to deal with",5,"have","to","deal","with",0.833333333333333
"have to do that",5,"have","to","do","that",0.119047619047619
"have to pay for",5,"have","to","pay","for",0.833333333333333
"have to say that",5,"have","to","say","that",0.172413793103448
"have to take a",5,"have","to","take","a",0.294117647058824
"he wants to be",5,"he","wants","to","be",0.3125
"hope you all had",5,"hope","you","all","had",0.3125
"hope you are all",5,"hope","you","are","all",0.208333333333333
"hope you are having",5,"hope","you","are","having",0.208333333333333
"how did i not",5,"how","did","i","not",0.454545454545455
"how did you know",5,"how","did","you","know",0.357142857142857
"how do you get",5,"how","do","you","get",0.108695652173913
"how easy it is",5,"how","easy","it","is",0.714285714285714
"how have you been",5,"how","have","you","been",0.625
"i'll be sure to",5,"i'll","be","sure","to",1
"i'll see what i",5,"i'll","see","what","i",0.833333333333333
"i'm going to try",5,"i'm","going","to","try",0.0531914893617021
"i'm so proud of",5,"i'm","so","proud","of",0.833333333333333
"i've been thinking about",5,"i've","been","thinking","about",0.625
"i agree with you",5,"i","agree","with","you",0.454545454545455
"i am at the",5,"i","am","at","the",0.454545454545455
"i am so sorry",5,"i","am","so","sorry",0.0847457627118644
"i am thankful for",5,"i","am","thankful","for",0.714285714285714
"i beg to differ",5,"i","beg","to","differ",1
"i can't wait until",5,"i","can't","wait","until",0.0793650793650794
"i can find the",5,"i","can","find","the",0.357142857142857
"i could have been",5,"i","could","have","been",0.172413793103448
"i did not know",5,"i","did","not","know",0.166666666666667
"i didn't have to",5,"i","didn't","have","to",0.217391304347826
"i didnt have to",5,"i","didnt","have","to",0.384615384615385
"i don't care about",5,"i","don't","care","about",0.263157894736842
"i don't like to",5,"i","don't","like","to",0.185185185185185
"i don't think it's",5,"i","don't","think","it's",0.0833333333333333
"i don't think you",5,"i","don't","think","you",0.0833333333333333
"i feel like im",5,"i","feel","like","im",0.0520833333333333
"i felt as if",5,"i","felt","as","if",0.833333333333333
"i felt like i",5,"i","felt","like","i",0.357142857142857
"i finally got the",5,"i","finally","got","the",0.357142857142857
"i grew up in",5,"i","grew","up","in",0.333333333333333
"i guess i should",5,"i","guess","i","should",0.138888888888889
"i guess you could",5,"i","guess","you","could",0.833333333333333
"i had to do",5,"i","had","to","do",0.0505050505050505
"i had to get",5,"i","had","to","get",0.0505050505050505
"i hate it when",5,"i","hate","it","when",0.555555555555556
"i have a feeling",5,"i","have","a","feeling",0.0335570469798658
"i have a new",5,"i","have","a","new",0.0335570469798658
"i have always been",5,"i","have","always","been",0.3125
"i have no clue",5,"i","have","no","clue",0.078125
"i have so many",5,"i","have","so","many",0.625
"i have to tell",5,"i","have","to","tell",0.0357142857142857
"i hope all is",5,"i","hope","all","is",0.555555555555556
"i hope you had",5,"i","hope","you","had",0.0735294117647059
"i know a lot",5,"i","know","a","lot",0.714285714285714
"i like the new",5,"i","like","the","new",0.15625
"i love me some",5,"i","love","me","some",0.833333333333333
"i might have to",5,"i","might","have","to",0.277777777777778
"i need to do",5,"i","need","to","do",0.033112582781457
"i need to have",5,"i","need","to","have",0.033112582781457
"i need to take",5,"i","need","to","take",0.033112582781457
"i never thought i",5,"i","never","thought","i",0.357142857142857
"i never wanted to",5,"i","never","wanted","to",1
"i really wanted to",5,"i","really","wanted","to",0.833333333333333
"i still can't believe",5,"i","still","can't","believe",0.416666666666667
"i still have a",5,"i","still","have","a",0.185185185185185
"i still have to",5,"i","still","have","to",0.185185185185185
"i think i need",5,"i","think","i","need",0.0515463917525773
"i think it would",5,"i","think","it","would",0.102040816326531
"i thought it would",5,"i","thought","it","would",0.138888888888889
"i thought that was",5,"i","thought","that","was",0.277777777777778
"i thought you were",5,"i","thought","you","were",0.625
"i try not to",5,"i","try","not","to",1
"i want to get",5,"i","want","to","get",0.0264550264550265
"i wanted to show",5,"i","wanted","to","show",0.0602409638554217
"i was at a",5,"i","was","at","a",0.208333333333333
"i was looking at",5,"i","was","looking","at",0.384615384615385
"i was on my",5,"i","was","on","my",0.227272727272727
"i was on the",5,"i","was","on","the",0.227272727272727
"i was ready to",5,"i","was","ready","to",0.833333333333333
"i was the only",5,"i","was","the","only",0.384615384615385
"i will be at",5,"i","will","be","at",0.0684931506849315
"i will give you",5,"i","will","give","you",0.833333333333333
"i will tell you",5,"i","will","tell","you",0.714285714285714
"i would have to",5,"i","would","have","to",0.102040816326531
"if i can find",5,"if","i","can","find",0.147058823529412
"if i could just",5,"if","i","could","just",0.172413793103448
"if i wanted to",5,"if","i","wanted","to",0.625
"if they can do",5,"if","they","can","do",0.625
"if you ever need",5,"if","you","ever","need",0.416666666666667
"if you were to",5,"if","you","were","to",0.333333333333333
"in a bit of",5,"in","a","bit","of",0.5
"in a state of",5,"in","a","state","of",0.625
"in a variety of",5,"in","a","variety","of",1
"in order to be",5,"in","order","to","be",0.0641025641025641
"in terms of the",5,"in","terms","of","the",0.172413793103448
"in the end i",5,"in","the","end","i",0.128205128205128
"in the eyes of",5,"in","the","eyes","of",0.625
"in the meantime i",5,"in","the","meantime","i",0.227272727272727
"in the mood to",5,"in","the","mood","to",0.555555555555556
"in the next couple",5,"in","the","next","couple",0.166666666666667
"in the past year",5,"in","the","past","year",0.0909090909090909
"in the right place",5,"in","the","right","place",0.294117647058824
"in the second half",5,"in","the","second","half",0.333333333333333
"in the world i",5,"in","the","world","i",0.0416666666666667
"is a bit of",5,"is","a","bit","of",0.25
"is a form of",5,"is","a","form","of",1
"is going to happen",5,"is","going","to","happen",0.05
"is in the house",5,"is","in","the","house",0.1
"is it just me",5,"is","it","just","me",0.714285714285714
"is not in the",5,"is","not","in","the",0.416666666666667
"is that it is",5,"is","that","it","is",0.294117647058824
"is the key to",5,"is","the","key","to",0.555555555555556
"is the last day",5,"is","the","last","day",0.416666666666667
"is the only thing",5,"is","the","only","thing",0.185185185185185
"is the only way",5,"is","the","only","way",0.185185185185185
"is what happens when",5,"is","what","happens","when",1
"it's hard to believe",5,"it's","hard","to","believe",0.294117647058824
"it's one of the",5,"it's","one","of","the",0.625
"it all the time",5,"it","all","the","time",0.454545454545455
"it appears to be",5,"it","appears","to","be",1
"it bad that i",5,"it","bad","that","i",0.714285714285714
"it is a good",5,"it","is","a","good",0.0490196078431373
"it is a very",5,"it","is","a","very",0.0490196078431373
"it is easy to",5,"it","is","easy","to",0.714285714285714
"it looks like i",5,"it","looks","like","i",0.138888888888889
"it may not be",5,"it","may","not","be",0.625
"it was a big",5,"it","was","a","big",0.0308641975308642
"it was a very",5,"it","was","a","very",0.0308641975308642
"just let me know",5,"just","let","me","know",0.714285714285714
"just thinking about it",5,"just","thinking","about","it",0.625
"keep an eye out",5,"keep","an","eye","out",0.625
"keep in mind that",5,"keep","in","mind","that",0.555555555555556
"know about you but",5,"know","about","you","but",1
"know what to say",5,"know","what","to","say",0.151515151515152
"last day of the",5,"last","day","of","the",0.263157894736842
"let me know when",5,"let","me","know","when",0.0555555555555556
"let you know when",5,"let","you","know","when",0.172413793103448
"look forward to hearing",5,"look","forward","to","hearing",0.087719298245614
"looking forward to this",5,"looking","forward","to","this",0.028735632183908
"love the smell of",5,"love","the","smell","of",1
"love to have you",5,"love","to","have","you",0.357142857142857
"make it through the",5,"make","it","through","the",0.625
"make it to the",5,"make","it","to","the",0.416666666666667
"makes me think of",5,"makes","me","think","of",0.714285714285714
"many of you have",5,"many","of","you","have",0.3125
"me i want to",5,"me","i","want","to",1
"me know what you",5,"me","know","what","you",0.714285714285714
"mean the world to",5,"mean","the","world","to",0.714285714285714
"merry christmas to you",5,"merry","christmas","to","you",1
"middle of the night",5,"middle","of","the","night",0.185185185185185
"moderates or radicals are",5,"moderates","or","radicals","are",0.833333333333333
"more often than not",5,"more","often","than","not",0.625
"mothers day to all",5,"mothers","day","to","all",0.384615384615385
"much as i do",5,"much","as","i","do",0.208333333333333
"much as i love",5,"much","as","i","love",0.208333333333333
"my favorite part of",5,"my","favorite","part","of",0.625
"my favorite thing to",5,"my","favorite","thing","to",0.833333333333333
"my friend and i",5,"my","friend","and","i",0.555555555555556
"need to get my",5,"need","to","get","my",0.0961538461538462
"need to get on",5,"need","to","get","on",0.0961538461538462
"need to get to",5,"need","to","get","to",0.0961538461538462
"need to talk to",5,"need","to","talk","to",0.555555555555556
"needless to say i",5,"needless","to","say","i",0.384615384615385
"nice to see you",5,"nice","to","see","you",0.384615384615385
"no idea how to",5,"no","idea","how","to",0.384615384615385
"no idea what to",5,"no","idea","what","to",0.263157894736842
"no one wants to",5,"no","one","wants","to",0.714285714285714
"not being able to",5,"not","being","able","to",1
"not going to be",5,"not","going","to","be",0.0961538461538462
"not meant to be",5,"not","meant","to","be",0.833333333333333
"not the only one",5,"not","the","only","one",0.555555555555556
"now i have to",5,"now","i","have","to",0.185185185185185
"now i just need",5,"now","i","just","need",0.555555555555556
"of mine of mine",5,"of","mine","of","mine",1
"of my favorite things",5,"of","my","favorite","things",0.0943396226415094
"of new york city",5,"of","new","york","city",0.416666666666667
"of one of those",5,"of","one","of","those",0.277777777777778
"of the best things",5,"of","the","best","things",0.087719298245614
"of the things i",5,"of","the","things","i",0.25
"of you who are",5,"of","you","who","are",0.333333333333333
"on my way home",5,"on","my","way","home",0.128205128205128
"on the back of",5,"on","the","back","of",0.277777777777778
"on the bright side",5,"on","the","bright","side",1
"on the phone with",5,"on","the","phone","with",0.238095238095238
"on their way to",5,"on","their","way","to",0.625
"on to the next",5,"on","to","the","next",0.227272727272727
"one day at a",5,"one","day","at","a",0.714285714285714
"one of the greatest",5,"one","of","the","greatest",0.0152439024390244
"one of the more",5,"one","of","the","more",0.0152439024390244
"one of those things",5,"one","of","those","things",0.0657894736842105
"one way or another",5,"one","way","or","another",1
"or radicals are the",5,"or","radicals","are","the",1
"out of the car",5,"out","of","the","car",0.0347222222222222
"put a smile on",5,"put","a","smile","on",1
"put me in the",5,"put","me","in","the",0.555555555555556
"quite a bit of",5,"quite","a","bit","of",0.357142857142857
"radicals are the muslims",5,"radicals","are","the","muslims",1
"rest of the day",5,"rest","of","the","day",0.0609756097560976
"rest of the week",5,"rest","of","the","week",0.0609756097560976
"right next to the",5,"right","next","to","the",0.5
"said it would be",5,"said","it","would","be",0.714285714285714
"say the same thing",5,"say","the","same","thing",0.714285714285714
"see you in the",5,"see","you","in","the",0.263157894736842
"show starts at pm",5,"show","starts","at","pm",0.714285714285714
"so excited to be",5,"so","excited","to","be",0.192307692307692
"so excited to see",5,"so","excited","to","see",0.192307692307692
"so happy for you",5,"so","happy","for","you",0.625
"so i have a",5,"so","i","have","a",0.25
"so i need to",5,"so","i","need","to",0.833333333333333
"so much for your",5,"so","much","for","your",0.0943396226415094
"so much in my",5,"so","much","in","my",0.714285714285714
"so so so so",5,"so","so","so","so",0.555555555555556
"sometimes i wish i",5,"sometimes","i","wish","i",0.714285714285714
"sorry to hear about",5,"sorry","to","hear","about",0.454545454545455
"sorry to hear that",5,"sorry","to","hear","that",0.454545454545455
"sounds like a good",5,"sounds","like","a","good",0.15625
"south carolina mortgage refinancing",5,"south","carolina","mortgage","refinancing",1
"stuck in my head",5,"stuck","in","my","head",1
"talking to each other",5,"talking","to","each","other",1
"tell you that i",5,"tell","you","that","i",0.384615384615385
"thanks for all your",5,"thanks","for","all","your",0.263157894736842
"thanks for the heads",5,"thanks","for","the","heads",0.0154798761609907
"thanks for the support",5,"thanks","for","the","support",0.0154798761609907
"thanks for the tip",5,"thanks","for","the","tip",0.0154798761609907
"thanks for your support",5,"thanks","for","your","support",0.25
"thanks to all of",5,"thanks","to","all","of",0.2
"that's a lot of",5,"that's","a","lot","of",0.833333333333333
"that i need to",5,"that","i","need","to",0.5
"that sort of thing",5,"that","sort","of","thing",0.5
"that there is no",5,"that","there","is","no",0.217391304347826
"that this is a",5,"that","this","is","a",0.161290322580645
"that was the first",5,"that","was","the","first",0.151515151515152
"the best i can",5,"the","best","i","can",0.5
"the best of the",5,"the","best","of","the",0.15625
"the end of this",5,"the","end","of","this",0.0416666666666667
"the existence of the",5,"the","existence","of","the",0.5
"the face of the",5,"the","face","of","the",0.416666666666667
"the first person to",5,"the","first","person","to",0.833333333333333
"the lord of the",5,"the","lord","of","the",1
"the man in the",5,"the","man","in","the",1
"the name of a",5,"the","name","of","a",0.135135135135135
"the number of people",5,"the","number","of","people",0.161290322580645
"the only way i",5,"the","only","way","i",0.25
"the past few days",5,"the","past","few","days",0.333333333333333
"the past few years",5,"the","past","few","years",0.333333333333333
"the point where i",5,"the","point","where","i",0.3125
"the same time i",5,"the","same","time","i",0.0961538461538462
"the same time they",5,"the","same","time","they",0.0961538461538462
"the south carolina mortgage",5,"the","south","carolina","mortgage",0.833333333333333
"the time of the",5,"the","time","of","the",0.357142857142857
"the title of this",5,"the","title","of","this",0.357142857142857
"the work of the",5,"the","work","of","the",0.294117647058824
"the world to me",5,"the","world","to","me",0.454545454545455
"there are plenty of",5,"there","are","plenty","of",0.833333333333333
"there has been a",5,"there","has","been","a",0.5
"there is a new",5,"there","is","a","new",0.0480769230769231
"there is also a",5,"there","is","also","a",0.5
"there is always a",5,"there","is","always","a",0.333333333333333
"there needs to be",5,"there","needs","to","be",1
"there to be a",5,"there","to","be","a",0.714285714285714
"there was a time",5,"there","was","a","time",0.0757575757575758
"there you have it",5,"there","you","have","it",0.714285714285714
"think like a man",5,"think","like","a","man",1
"this is a very",5,"this","is","a","very",0.045045045045045
"this is the most",5,"this","is","the","most",0.0495049504950495
"this would be the",5,"this","would","be","the",0.357142857142857
"thought it would be",5,"thought","it","would","be",0.555555555555556
"to all my new",5,"to","all","my","new",0.217391304347826
"to all of my",5,"to","all","of","my",0.151515151515152
"to be a mom",5,"to","be","a","mom",0.0229357798165138
"to be friends with",5,"to","be","friends","with",0.833333333333333
"to be the most",5,"to","be","the","most",0.0581395348837209
"to be the only",5,"to","be","the","only",0.0581395348837209
"to come out of",5,"to","come","out","of",0.357142857142857
"to deal with the",5,"to","deal","with","the",0.172413793103448
"to do it again",5,"to","do","it","again",0.087719298245614
"to do some work",5,"to","do","some","work",0.25
"to do this i",5,"to","do","this","i",0.192307692307692
"to do with my",5,"to","do","with","my",0.0666666666666667
"to figure out what",5,"to","figure","out","what",0.151515151515152
"to find out what",5,"to","find","out","what",0.161290322580645
"to give it to",5,"to","give","it","to",0.294117647058824
"to go to a",5,"to","go","to","a",0.0510204081632653
"to go with the",5,"to","go","with","the",0.263157894736842
"to hang out with",5,"to","hang","out","with",0.384615384615385
"to head back to",5,"to","head","back","to",1
"to hear from you",5,"to","hear","from","you",0.454545454545455
"to hear what you",5,"to","hear","what","you",0.5
"to one of the",5,"to","one","of","the",0.227272727272727
"to our new followers",5,"to","our","new","followers",0.833333333333333
"to pick it up",5,"to","pick","it","up",1
"to pick up a",5,"to","pick","up","a",0.25
"to say the same",5,"to","say","the","same",0.277777777777778
"to see you all",5,"to","see","you","all",0.0490196078431373
"to talk to you",5,"to","talk","to","you",0.125
"to tell you what",5,"to","tell","you","what",0.151515151515152
"to the front of",5,"to","the","front","of",0.333333333333333
"to the grocery store",5,"to","the","grocery","store",0.833333333333333
"to the point of",5,"to","the","point","of",0.227272727272727
"to the top of",5,"to","the","top","of",0.555555555555556
"to the united states",5,"to","the","united","states",0.714285714285714
"today is the day",5,"today","is","the","day",0.3125
"used to be a",5,"used","to","be","a",0.161290322580645
"wait to see what",5,"wait","to","see","what",0.0909090909090909
"want to be the",5,"want","to","be","the",0.0641025641025641
"want to do is",5,"want","to","do","is",0.135135135135135
"want to know how",5,"want","to","know","how",0.138888888888889
"want to make sure",5,"want","to","make","sure",0.277777777777778
"want you to be",5,"want","you","to","be",0.192307692307692
"was a bit of",5,"was","a","bit","of",0.3125
"was a good idea",5,"was","a","good","idea",0.151515151515152
"we are at the",5,"we","are","at","the",0.833333333333333
"we are going to",5,"we","are","going","to",0.555555555555556
"we are in the",5,"we","are","in","the",0.416666666666667
"we can do it",5,"we","can","do","it",0.277777777777778
"we just need to",5,"we","just","need","to",0.833333333333333
"we need to get",5,"we","need","to","get",0.0746268656716418
"we want to be",5,"we","want","to","be",0.151515151515152
"we were going to",5,"we","were","going","to",0.833333333333333
"we were in the",5,"we","were","in","the",0.384615384615385
"week and a half",5,"week","and","a","half",0.833333333333333
"what a great way",5,"what","a","great","way",0.217391304347826
"what are you up",5,"what","are","you","up",0.102040816326531
"what does this mean",5,"what","does","this","mean",0.833333333333333
"what is up with",5,"what","is","up","with",0.833333333333333
"what would you do",5,"what","would","you","do",0.384615384615385
"when i get back",5,"when","i","get","back",0.208333333333333
"when i get home",5,"when","i","get","home",0.208333333333333
"when i look at",5,"when","i","look","at",0.833333333333333
"when i was pregnant",5,"when","i","was","pregnant",0.0510204081632653
"who is going to",5,"who","is","going","to",1
"will be at the",5,"will","be","at","the",0.333333333333333
"will let you know",5,"will","let","you","know",0.625
"with a couple of",5,"with","a","couple","of",0.625
"with a lot of",5,"with","a","lot","of",0.833333333333333
"with all of the",5,"with","all","of","the",0.384615384615385
"with one of my",5,"with","one","of","my",0.384615384615385
"with some of the",5,"with","some","of","the",0.416666666666667
"woke up this morning",5,"woke","up","this","morning",1
"would love to chat",5,"would","love","to","chat",0.0617283950617284
"would mean the world",5,"would","mean","the","world",1
"you all had a",5,"you","all","had","a",1
"you are having a",5,"you","are","having","a",0.833333333333333
"you are looking for",5,"you","are","looking","for",0.833333333333333
"you can go to",5,"you","can","go","to",0.714285714285714
"you going to be",5,"you","going","to","be",0.166666666666667
"you have a good",5,"you","have","a","good",0.0531914893617021
"you know i have",5,"you","know","i","have",0.172413793103448
"you know i love",5,"you","know","i","love",0.172413793103448
"you might as well",5,"you","might","as","well",1
"you might want to",5,"you","might","want","to",1
"you need to get",5,"you","need","to","get",0.0714285714285714
"you to all the",5,"you","to","all","the",0.384615384615385
"you to everyone who",5,"you","to","everyone","who",0.5
"you want to see",5,"you","want","to","see",0.05
"you will be missed",5,"you","will","be","missed",0.116279069767442
